device_id,timestamp,temperature_c,power_w,cpu_percent,fan_rpm
SRV-01,2025-03-15 00:00:00,21.9,179.2,24.1,1007.0
SRV-01,2025-03-15 00:05:00,21.9,172.6,27.7,980.0
SRV-01,2025-03-15 00:10:00,21.9,180.6,26.9,1014.0
SRV-01,2025-03-15 00:15:00,22.3,180.6,19.1,1036.0
SRV-01,2025-03-15 00:20:00,22.1,186.6,25.4,1022.0
SRV-01,2025-03-15 00:25:00,22.3,172.8,22.6,1069.0
SRV-01,2025-03-15 00:30:00,22.4,178.9,28.1,1096.0
SRV-01,2025-03-15 00:35:00,22.4,174.5,29.6,1034.0
SRV-01,2025-03-15 00:40:00,20.7,177.1,17.7,800
SRV-01,2025-03-15 00:45:00,22.3,174.0,31.9,1038.0
SRV-01,2025-03-15 00:50:00,22.0,178.6,26.0,1017.0
SRV-01,2025-03-15 00:55:00,22.3,181.9,30.3,1080.0
SRV-01,2025-03-15 01:00:00,21.7,176.5,21.3,954.0
SRV-01,2025-03-15 01:05:00,21.9,191.8,18.5,944.0
SRV-01,2025-03-15 01:10:00,22.4,187.2,29.2,1104.0
SRV-01,2025-03-15 01:15:00,22.7,179.7,13.7,1129.0
SRV-01,2025-03-15 01:20:00,22.5,172.9,25.4,1105.0
SRV-01,2025-03-15 01:25:00,21.9,183.8,29.8,1040.0
SRV-01,2025-03-15 01:30:00,22.3,177.1,20.6,1039.0
SRV-01,2025-03-15 01:35:00,22.5,177.4,24.6,1120.0
SRV-01,2025-03-15 01:40:00,21.7,178.7,10.4,898.0
SRV-01,2025-03-15 01:45:00,21.7,182.3,34.7,945.0
SRV-01,2025-03-15 01:50:00,22.1,181.1,33.9,1056.0
SRV-01,2025-03-15 01:55:00,22.2,175.2,32.4,1042.0
SRV-01,2025-03-15 02:00:00,22.6,180.1,40.8,1115.0
SRV-01,2025-03-15 02:05:00,22.8,180.9,21.1,1129.0
SRV-01,2025-03-15 02:10:00,21.9,187.4,31.8,1009.0
SRV-01,2025-03-15 02:15:00,20.8,183.9,29.7,800
SRV-01,2025-03-15 02:20:00,21.7,180.3,39.1,910.0
SRV-01,2025-03-15 02:25:00,21.8,187.2,21.7,951.0
SRV-01,2025-03-15 02:30:00,22.1,174.2,27.0,978.0
SRV-01,2025-03-15 02:35:00,22.5,180.4,43.6,1102.0
SRV-01,2025-03-15 02:40:00,22.7,173.9,24.3,1152.0
SRV-01,2025-03-15 02:45:00,22.9,172.1,33.3,1198.0
SRV-01,2025-03-15 02:50:00,22.8,184.0,25.8,1144.0
SRV-01,2025-03-15 02:55:00,21.4,181.5,23.9,942.0
SRV-01,2025-03-15 03:00:00,21.7,182.1,12.9,934.0
SRV-01,2025-03-15 03:05:00,22.2,184.7,37.0,1032.0
SRV-01,2025-03-15 03:10:00,21.5,182.9,29.6,911.0
SRV-01,2025-03-15 03:15:00,21.7,186.3,26.2,959.0
SRV-01,2025-03-15 03:20:00,22.7,183.7,27.8,1201.0
SRV-01,2025-03-15 03:25:00,22.2,179.2,26.4,1078.0
SRV-01,2025-03-15 03:30:00,22.1,183.4,35.1,1006.0
SRV-01,2025-03-15 03:35:00,21.2,182.3,27.4,819.0
SRV-01,2025-03-15 03:40:00,22.5,183.9,17.7,1113.0
SRV-01,2025-03-15 03:45:00,22.0,173.5,29.3,990.0
SRV-01,2025-03-15 03:50:00,21.7,183.6,29.6,920.0
SRV-01,2025-03-15 03:55:00,22.3,186.1,20.0,1064.0
SRV-01,2025-03-15 04:00:00,22.1,192.4,10.9,1034.0
SRV-01,2025-03-15 04:05:00,21.9,180.6,41.0,983.0
SRV-01,2025-03-15 04:10:00,23.2,179.0,28.7,1224.0
SRV-01,2025-03-15 04:15:00,21.7,181.5,23.7,952.0
SRV-01,2025-03-15 04:20:00,21.0,191.3,24.6,858.0
SRV-01,2025-03-15 04:25:00,21.6,182.8,51.3,890.0
SRV-01,2025-03-15 04:30:00,21.3,178.7,29.9,889.0
SRV-01,2025-03-15 04:35:00,22.7,180.2,13.3,1135.0
SRV-01,2025-03-15 04:40:00,22.7,183.9,10.5,1143.0
SRV-01,2025-03-15 04:45:00,22.8,192.3,30.7,1170.0
SRV-01,2025-03-15 04:50:00,21.5,177.5,26.7,913.0
SRV-01,2025-03-15 04:55:00,22.4,179.4,17.2,1057.0
SRV-01,2025-03-15 05:00:00,21.5,185.1,7.9,898.0
SRV-01,2025-03-15 05:05:00,22.3,189.6,27.1,1100.0
SRV-01,2025-03-15 05:10:00,21.9,178.4,21.2,1032.0
SRV-01,2025-03-15 05:15:00,22.6,184.6,53.3,1126.0
SRV-01,2025-03-15 05:20:00,22.5,183.8,24.9,1160.0
SRV-01,2025-03-15 05:25:00,22.9,175.4,23.6,1194.0
SRV-01,2025-03-15 05:30:00,22.5,175.8,8.8,1053.0
SRV-01,2025-03-15 05:35:00,22.1,182.1,29.7,1003.0
SRV-01,2025-03-15 05:40:00,21.6,172.6,29.7,923.0
SRV-01,2025-03-15 05:45:00,22.7,186.8,25.6,1176.0
SRV-01,2025-03-15 05:50:00,22.1,179.7,23.1,1006.0
SRV-01,2025-03-15 05:55:00,21.1,183.9,29.3,811.0
SRV-01,2025-03-15 06:00:00,21.8,185.1,41.2,970.0
SRV-01,2025-03-15 06:05:00,22.0,180.4,27.0,954.0
SRV-01,2025-03-15 06:10:00,22.2,183.8,42.4,1060.0
SRV-01,2025-03-15 06:15:00,22.7,180.1,33.1,1115.0
SRV-01,2025-03-15 06:20:00,22.4,185.9,21.7,1139.0
SRV-01,2025-03-15 06:25:00,22.5,174.5,32.4,1094.0
SRV-01,2025-03-15 06:30:00,22.3,186.5,31.2,991.0
SRV-01,2025-03-15 06:35:00,21.7,188.2,38.6,995.0
SRV-01,2025-03-15 06:40:00,23.2,174.2,34.5,1179.0
SRV-01,2025-03-15 06:45:00,23.1,185.9,19.4,1280.0
SRV-01,2025-03-15 06:50:00,22.6,175.4,31.0,1103.0
SRV-01,2025-03-15 06:55:00,22.4,182.7,39.7,1031.0
SRV-01,2025-03-15 07:00:00,22.5,194.3,22.3,1103.0
SRV-01,2025-03-15 07:05:00,22.4,181.9,34.2,1090.0
SRV-01,2025-03-15 07:10:00,21.9,194.4,35.5,970.0
SRV-01,2025-03-15 07:15:00,22.0,181.9,39.2,1004.0
SRV-01,2025-03-15 07:20:00,22.6,185.1,34.4,1117.0
SRV-01,2025-03-15 07:25:00,22.8,185.3,36.3,1174.0
SRV-01,2025-03-15 07:30:00,22.3,182.1,22.3,1046.0
SRV-01,2025-03-15 07:35:00,21.9,191.0,29.6,1032.0
SRV-01,2025-03-15 07:40:00,23.6,187.0,17.8,1302.0
SRV-01,2025-03-15 07:45:00,22.4,179.6,28.3,1090.0
SRV-01,2025-03-15 07:50:00,22.2,183.5,24.4,1099.0
SRV-01,2025-03-15 07:55:00,22.4,183.4,27.7,1107.0
SRV-01,2025-03-15 08:00:00,22.1,190.2,36.7,1051.0
SRV-01,2025-03-15 08:05:00,23.2,185.3,40.1,1217.0
SRV-01,2025-03-15 08:10:00,22.3,194.3,37.8,1064.0
SRV-01,2025-03-15 08:15:00,21.9,191.3,26.4,960.0
SRV-01,2025-03-15 08:20:00,22.2,190.0,14.6,1056.0
SRV-01,2025-03-15 08:25:00,22.7,186.1,40.1,1149.0
SRV-01,2025-03-15 08:30:00,22.3,186.0,37.6,1010.0
SRV-01,2025-03-15 08:35:00,22.4,186.4,32.8,1093.0
SRV-01,2025-03-15 08:40:00,22.6,195.5,34.2,1118.0
SRV-01,2025-03-15 08:45:00,22.0,193.8,36.8,1049.0
SRV-01,2025-03-15 08:50:00,22.3,190.6,32.3,1053.0
SRV-01,2025-03-15 08:55:00,22.7,182.1,39.6,1154.0
SRV-01,2025-03-15 09:00:00,23.3,202.2,30.7,1249.0
SRV-01,2025-03-15 09:05:00,22.7,201.0,19.6,1156.0
SRV-01,2025-03-15 09:10:00,22.0,178.7,17.5,956.0
SRV-01,2025-03-15 09:15:00,23.3,187.5,32.1,1220.0
SRV-01,2025-03-15 09:20:00,23.1,186.6,44.7,1183.0
SRV-01,2025-03-15 09:25:00,22.4,193.1,34.5,1122.0
SRV-01,2025-03-15 09:30:00,22.9,186.7,30.1,1154.0
SRV-01,2025-03-15 09:35:00,23.2,195.0,33.8,1262.0
SRV-01,2025-03-15 09:40:00,22.6,192.7,36.5,1160.0
SRV-01,2025-03-15 09:45:00,22.8,191.9,26.9,1181.0
SRV-01,2025-03-15 09:50:00,22.6,195.7,20.3,1147.0
SRV-01,2025-03-15 09:55:00,22.2,190.4,44.2,1005.0
SRV-01,2025-03-15 10:00:00,22.9,194.9,27.9,1214.0
SRV-01,2025-03-15 10:05:00,23.7,185.0,24.6,1360.0
SRV-01,2025-03-15 10:10:00,22.3,193.2,37.4,1080.0
SRV-01,2025-03-15 10:15:00,22.9,195.9,30.4,1210.0
SRV-01,2025-03-15 10:20:00,22.7,197.5,32.7,1151.0
SRV-01,2025-03-15 10:25:00,22.9,195.3,28.9,1208.0
SRV-01,2025-03-15 10:30:00,23.7,197.6,43.1,1371.0
SRV-01,2025-03-15 10:35:00,23.5,198.2,39.2,1327.0
SRV-01,2025-03-15 10:40:00,23.1,192.1,37.9,1162.0
SRV-01,2025-03-15 10:45:00,23.1,199.3,47.8,1220.0
SRV-01,2025-03-15 10:50:00,23.6,197.5,30.0,1270.0
SRV-01,2025-03-15 10:55:00,22.6,191.0,43.4,1120.0
SRV-01,2025-03-15 11:00:00,23.4,198.5,46.9,1315.0
SRV-01,2025-03-15 11:05:00,22.8,197.0,34.5,1117.0
SRV-01,2025-03-15 11:10:00,23.5,204.6,39.0,1286.0
SRV-01,2025-03-15 11:15:00,23.7,187.2,40.6,1350.0
SRV-01,2025-03-15 11:20:00,22.9,206.2,47.2,1175.0
SRV-01,2025-03-15 11:25:00,23.2,197.5,35.5,1196.0
SRV-01,2025-03-15 11:30:00,23.9,204.9,46.2,1352.0
SRV-01,2025-03-15 11:35:00,24.3,209.9,41.5,1431.0
SRV-01,2025-03-15 11:40:00,22.8,202.3,32.9,1165.0
SRV-01,2025-03-15 11:45:00,23.8,193.0,56.4,1412.0
SRV-01,2025-03-15 11:50:00,22.7,193.7,38.3,1104.0
SRV-01,2025-03-15 11:55:00,23.2,188.0,38.9,1290.0
SRV-01,2025-03-15 12:00:00,22.8,199.8,29.0,1172.0
SRV-01,2025-03-15 12:05:00,23.2,211.1,42.7,1234.0
SRV-01,2025-03-15 12:10:00,23.6,199.1,30.5,1334.0
SRV-01,2025-03-15 12:15:00,23.3,202.6,44.4,1240.0
SRV-01,2025-03-15 12:20:00,23.6,210.7,32.6,1369.0
SRV-01,2025-03-15 12:25:00,23.3,198.4,61.1,1258.0
SRV-01,2025-03-15 12:30:00,40.9,206.5,28.3,2491.0
SRV-01,2025-03-15 12:35:00,36.2,195.8,27.7,2184.0
SRV-01,2025-03-15 12:40:00,37.9,204.7,39.6,2131.0
SRV-01,2025-03-15 12:45:00,39.0,200.1,33.9,2316.0
SRV-01,2025-03-15 12:50:00,41.2,198.5,40.4,2114.0
SRV-01,2025-03-15 12:55:00,40.9,205.7,43.8,2148.0
SRV-01,2025-03-15 13:00:00,37.1,201.4,44.7,1963.0
SRV-01,2025-03-15 13:05:00,36.3,204.2,52.2,2053.0
SRV-01,2025-03-15 13:10:00,39.6,205.7,44.6,2375.0
SRV-01,2025-03-15 13:15:00,40.1,204.3,36.4,2328.0
SRV-01,2025-03-15 13:20:00,39.5,202.6,41.4,2597.0
SRV-01,2025-03-15 13:25:00,39.9,199.5,50.1,2282.0
SRV-01,2025-03-15 13:30:00,23.0,204.8,43.9,1201.0
SRV-01,2025-03-15 13:35:00,24.0,201.8,46.4,1377.0
SRV-01,2025-03-15 13:40:00,24.1,207.1,47.2,1431.0
SRV-01,2025-03-15 13:45:00,23.1,202.3,47.0,1220.0
SRV-01,2025-03-15 13:50:00,23.6,197.2,44.4,1291.0
SRV-01,2025-03-15 13:55:00,23.0,203.2,28.1,1213.0
SRV-01,2025-03-15 14:00:00,23.9,203.7,35.0,1357.0
SRV-01,2025-03-15 14:05:00,23.4,191.9,44.4,1305.0
SRV-01,2025-03-15 14:10:00,23.3,201.5,44.4,1279.0
SRV-01,2025-03-15 14:15:00,24.0,204.0,37.4,1395.0
SRV-01,2025-03-15 14:20:00,23.6,211.7,40.4,1286.0
SRV-01,2025-03-15 14:25:00,23.1,193.4,45.5,1171.0
SRV-01,2025-03-15 14:30:00,22.9,193.9,33.9,1191.0
SRV-01,2025-03-15 14:35:00,22.8,195.0,44.2,1155.0
SRV-01,2025-03-15 14:40:00,23.7,207.4,42.7,1300.0
SRV-01,2025-03-15 14:45:00,23.4,206.1,38.0,1239.0
SRV-01,2025-03-15 14:50:00,24.0,201.4,39.3,1404.0
SRV-01,2025-03-15 14:55:00,24.0,204.7,39.9,1416.0
SRV-01,2025-03-15 15:00:00,24.5,210.2,47.8,1472.0
SRV-01,2025-03-15 15:05:00,25.3,197.1,39.4,1643.0
SRV-01,2025-03-15 15:10:00,24.3,205.1,30.8,1458.0
SRV-01,2025-03-15 15:15:00,23.7,201.3,32.4,1319.0
SRV-01,2025-03-15 15:20:00,23.2,202.8,37.9,1262.0
SRV-01,2025-03-15 15:25:00,22.9,193.9,36.0,1227.0
SRV-01,2025-03-15 15:30:00,23.1,214.1,45.7,1187.0
SRV-01,2025-03-15 15:35:00,23.0,203.4,32.2,1265.0
SRV-01,2025-03-15 15:40:00,22.9,205.4,53.2,1173.0
SRV-01,2025-03-15 15:45:00,22.9,200.4,44.3,1199.0
SRV-01,2025-03-15 15:50:00,23.4,194.6,41.5,1256.0
SRV-01,2025-03-15 15:55:00,22.2,197.9,29.6,1067.0
SRV-01,2025-03-15 16:00:00,24.3,210.5,36.3,1445.0
SRV-01,2025-03-15 16:05:00,23.7,206.3,37.4,1327.0
SRV-01,2025-03-15 16:10:00,24.4,200.2,36.7,1483.0
SRV-01,2025-03-15 16:15:00,23.6,195.4,38.4,1279.0
SRV-01,2025-03-15 16:20:00,23.1,209.6,46.1,1222.0
SRV-01,2025-03-15 16:25:00,22.8,198.4,48.4,1140.0
SRV-01,2025-03-15 16:30:00,24.0,192.9,37.5,1444.0
SRV-01,2025-03-15 16:35:00,22.2,205.4,24.8,1040.0
SRV-01,2025-03-15 16:40:00,23.1,203.3,14.2,1165.0
SRV-01,2025-03-15 16:45:00,22.9,199.1,32.1,1174.0
SRV-01,2025-03-15 16:50:00,22.6,196.7,32.2,1122.0
SRV-01,2025-03-15 16:55:00,23.4,205.6,33.5,1279.0
SRV-01,2025-03-15 17:00:00,23.2,196.6,38.2,1184.0
SRV-01,2025-03-15 17:05:00,23.3,193.3,30.7,1212.0
SRV-01,2025-03-15 17:10:00,23.7,196.8,47.4,1344.0
SRV-01,2025-03-15 17:15:00,22.2,191.8,44.0,1022.0
SRV-01,2025-03-15 17:20:00,22.5,196.1,36.3,1073.0
SRV-01,2025-03-15 17:25:00,22.9,194.3,16.8,1191.0
SRV-01,2025-03-15 17:30:00,22.6,202.9,28.1,1076.0
SRV-01,2025-03-15 17:35:00,23.6,188.1,32.0,1338.0
SRV-01,2025-03-15 17:40:00,22.8,187.5,38.3,1158.0
SRV-01,2025-03-15 17:45:00,23.6,198.4,60.9,1272.0
SRV-01,2025-03-15 17:50:00,22.9,189.8,45.6,1212.0
SRV-01,2025-03-15 17:55:00,23.3,191.0,30.2,1200.0
SRV-01,2025-03-15 18:00:00,23.8,197.1,33.8,1381.0
SRV-01,2025-03-15 18:05:00,23.3,199.1,22.7,1232.0
SRV-01,2025-03-15 18:10:00,23.0,195.7,43.1,1164.0
SRV-01,2025-03-15 18:15:00,22.9,204.7,40.8,1209.0
SRV-01,2025-03-15 18:20:00,22.8,197.2,49.4,1168.0
SRV-01,2025-03-15 18:25:00,23.4,188.7,39.5,1313.0
SRV-01,2025-03-15 18:30:00,22.4,198.2,29.2,1060.0
SRV-01,2025-03-15 18:35:00,22.8,202.1,36.8,1184.0
SRV-01,2025-03-15 18:40:00,22.4,192.5,24.7,1062.0
SRV-01,2025-03-15 18:45:00,23.2,191.7,45.5,1226.0
SRV-01,2025-03-15 18:50:00,22.6,197.9,28.5,1079.0
SRV-01,2025-03-15 18:55:00,23.4,193.3,16.1,1272.0
SRV-01,2025-03-15 19:00:00,22.5,199.7,27.4,1080.0
SRV-01,2025-03-15 19:05:00,22.2,185.4,27.4,1000.0
SRV-01,2025-03-15 19:10:00,22.1,182.4,20.8,980.0
SRV-01,2025-03-15 19:15:00,22.4,186.7,22.8,1089.0
SRV-01,2025-03-15 19:20:00,22.6,187.7,28.7,1166.0
SRV-01,2025-03-15 19:25:00,22.7,192.0,11.5,1124.0
SRV-01,2025-03-15 19:30:00,21.5,187.2,35.0,879.0
SRV-01,2025-03-15 19:35:00,22.8,183.9,36.4,1119.0
SRV-01,2025-03-15 19:40:00,22.4,190.9,35.9,1080.0
SRV-01,2025-03-15 19:45:00,23.5,186.5,27.8,1218.0
SRV-01,2025-03-15 19:50:00,23.4,186.4,21.8,1320.0
SRV-01,2025-03-15 19:55:00,23.1,188.6,19.5,1237.0
SRV-01,2025-03-15 20:00:00,22.2,181.9,39.2,971.0
SRV-01,2025-03-15 20:05:00,22.8,189.8,47.1,1161.0
SRV-01,2025-03-15 20:10:00,21.4,183.1,31.0,896.0
SRV-01,2025-03-15 20:15:00,22.9,177.3,27.7,1216.0
SRV-01,2025-03-15 20:20:00,23.2,196.2,27.0,1273.0
SRV-01,2025-03-15 20:25:00,23.3,192.6,35.8,1279.0
SRV-01,2025-03-15 20:30:00,22.0,179.2,37.7,991.0
SRV-01,2025-03-15 20:35:00,22.4,183.3,26.5,1082.0
SRV-01,2025-03-15 20:40:00,21.9,186.3,31.5,970.0
SRV-01,2025-03-15 20:45:00,22.0,189.7,44.3,980.0
SRV-01,2025-03-15 20:50:00,23.0,190.0,8.0,1170.0
SRV-01,2025-03-15 20:55:00,22.0,189.3,30.5,1018.0
SRV-01,2025-03-15 21:00:00,22.6,180.7,22.9,1092.0
SRV-01,2025-03-15 21:05:00,22.2,184.4,30.1,1024.0
SRV-01,2025-03-15 21:10:00,22.8,189.4,41.0,1172.0
SRV-01,2025-03-15 21:15:00,22.4,188.0,33.4,1057.0
SRV-01,2025-03-15 21:20:00,22.9,193.1,44.2,1186.0
SRV-01,2025-03-15 21:25:00,22.4,186.4,28.2,1105.0
SRV-01,2025-03-15 21:30:00,22.2,183.2,42.2,1045.0
SRV-01,2025-03-15 21:35:00,22.3,188.4,29.2,1065.0
SRV-01,2025-03-15 21:40:00,22.2,177.7,27.6,1007.0
SRV-01,2025-03-15 21:45:00,22.3,177.8,35.1,1089.0
SRV-01,2025-03-15 21:50:00,22.4,183.0,31.0,1013.0
SRV-01,2025-03-15 21:55:00,21.7,182.6,30.3,930.0
SRV-01,2025-03-15 22:00:00,21.7,183.9,23.8,908.0
SRV-01,2025-03-15 22:05:00,22.4,182.1,36.9,1092.0
SRV-01,2025-03-15 22:10:00,22.6,184.6,20.5,1083.0
SRV-01,2025-03-15 22:15:00,21.4,197.3,18.5,882.0
SRV-01,2025-03-15 22:20:00,22.0,181.3,22.4,942.0
SRV-01,2025-03-15 22:25:00,21.7,175.7,26.0,912.0
SRV-01,2025-03-15 22:30:00,21.8,183.6,22.2,991.0
SRV-01,2025-03-15 22:35:00,22.0,183.5,16.2,1011.0
SRV-01,2025-03-15 22:40:00,21.9,184.3,29.4,983.0
SRV-01,2025-03-15 22:45:00,22.2,180.3,37.4,1077.0
SRV-01,2025-03-15 22:50:00,22.4,176.2,17.8,1055.0
SRV-01,2025-03-15 22:55:00,22.0,184.2,19.3,1036.0
SRV-01,2025-03-15 23:00:00,22.1,171.8,22.6,947.0
SRV-01,2025-03-15 23:05:00,21.7,179.1,21.5,938.0
SRV-01,2025-03-15 23:10:00,21.9,178.8,38.3,1019.0
SRV-01,2025-03-15 23:15:00,21.5,187.9,13.3,882.0
SRV-01,2025-03-15 23:20:00,22.9,170.4,30.8,1135.0
SRV-01,2025-03-15 23:25:00,22.0,180.6,39.7,980.0
SRV-01,2025-03-15 23:30:00,22.1,184.6,24.1,986.0
SRV-01,2025-03-15 23:35:00,22.1,181.8,33.1,983.0
SRV-01,2025-03-15 23:40:00,21.9,182.9,24.6,966.0
SRV-01,2025-03-15 23:45:00,22.1,177.8,19.5,1027.0
SRV-01,2025-03-15 23:50:00,21.5,187.0,27.6,867.0
SRV-01,2025-03-15 23:55:00,22.2,181.9,31.9,1077.0
SRV-02,2025-03-15 00:00:00,23.3,216.5,20.2,1235.0
SRV-02,2025-03-15 00:05:00,23.1,221.5,25.2,1211.0
SRV-02,2025-03-15 00:10:00,23.1,221.8,21.0,1196.0
SRV-02,2025-03-15 00:15:00,23.4,218.7,16.5,1310.0
SRV-02,2025-03-15 00:20:00,23.9,220.3,26.1,1401.0
SRV-02,2025-03-15 00:25:00,23.5,224.5,38.3,1300.0
SRV-02,2025-03-15 00:30:00,23.7,224.4,22.4,1311.0
SRV-02,2025-03-15 00:35:00,24.0,212.2,39.4,1418.0
SRV-02,2025-03-15 00:40:00,23.6,220.3,39.1,1292.0
SRV-02,2025-03-15 00:45:00,22.9,217.1,23.0,1155.0
SRV-02,2025-03-15 00:50:00,23.6,220.8,18.6,1365.0
SRV-02,2025-03-15 00:55:00,22.8,213.7,28.1,1156.0
SRV-02,2025-03-15 01:00:00,23.7,217.0,16.8,1324.0
SRV-02,2025-03-15 01:05:00,23.2,222.8,21.3,1256.0
SRV-02,2025-03-15 01:10:00,23.8,225.3,32.3,1384.0
SRV-02,2025-03-15 01:15:00,23.9,217.6,23.0,1324.0
SRV-02,2025-03-15 01:20:00,23.7,216.8,28.3,1347.0
SRV-02,2025-03-15 01:25:00,22.8,215.1,22.3,1151.0
SRV-02,2025-03-15 01:30:00,23.6,214.4,25.5,1268.0
SRV-02,2025-03-15 01:35:00,22.4,223.8,14.7,1070.0
SRV-02,2025-03-15 01:40:00,22.8,213.2,22.0,1149.0
SRV-02,2025-03-15 01:45:00,24.0,222.5,23.1,1424.0
SRV-02,2025-03-15 01:50:00,24.1,222.3,21.9,1445.0
SRV-02,2025-03-15 01:55:00,24.4,223.6,39.4,1508.0
SRV-02,2025-03-15 02:00:00,23.9,214.8,16.3,1387.0
SRV-02,2025-03-15 02:05:00,22.7,217.3,32.2,1117.0
SRV-02,2025-03-15 02:10:00,23.8,213.5,21.3,1388.0
SRV-02,2025-03-15 02:15:00,23.6,221.8,38.9,1364.0
SRV-02,2025-03-15 02:20:00,23.1,226.9,20.3,1216.0
SRV-02,2025-03-15 02:25:00,23.5,225.7,16.2,1320.0
SRV-02,2025-03-15 02:30:00,23.8,224.4,23.6,1387.0
SRV-02,2025-03-15 02:35:00,23.2,226.1,28.1,1192.0
SRV-02,2025-03-15 02:40:00,23.7,221.3,22.5,1324.0
SRV-02,2025-03-15 02:45:00,23.4,213.2,38.9,1248.0
SRV-02,2025-03-15 02:50:00,23.2,226.2,30.0,1262.0
SRV-02,2025-03-15 02:55:00,24.3,219.0,17.0,1483.0
SRV-02,2025-03-15 03:00:00,23.9,218.9,15.3,1424.0
SRV-02,2025-03-15 03:05:00,23.8,213.7,31.7,1322.0
SRV-02,2025-03-15 03:10:00,23.3,215.0,20.4,1234.0
SRV-02,2025-03-15 03:15:00,23.2,224.3,27.8,1266.0
SRV-02,2025-03-15 03:20:00,24.1,218.8,26.2,1434.0
SRV-02,2025-03-15 03:25:00,24.4,225.2,36.6,1510.0
SRV-02,2025-03-15 03:30:00,24.1,211.8,32.6,1422.0
SRV-02,2025-03-15 03:35:00,23.6,218.2,22.2,1328.0
SRV-02,2025-03-15 03:40:00,24.0,213.4,27.4,1378.0
SRV-02,2025-03-15 03:45:00,23.1,222.9,23.0,1196.0
SRV-02,2025-03-15 03:50:00,23.2,222.4,25.6,1202.0
SRV-02,2025-03-15 03:55:00,23.1,220.1,29.0,1197.0
SRV-02,2025-03-15 04:00:00,23.8,216.9,47.6,1334.0
SRV-02,2025-03-15 04:05:00,23.2,222.1,18.6,1260.0
SRV-02,2025-03-15 04:10:00,24.5,219.2,27.3,1479.0
SRV-02,2025-03-15 04:15:00,23.6,228.4,33.1,1288.0
SRV-02,2025-03-15 04:20:00,24.4,227.1,29.9,1451.0
SRV-02,2025-03-15 04:25:00,23.6,217.4,29.8,1314.0
SRV-02,2025-03-15 04:30:00,22.5,226.1,27.6,1127.0
SRV-02,2025-03-15 04:35:00,23.5,222.4,35.0,1317.0
SRV-02,2025-03-15 04:40:00,23.7,237.6,24.8,1354.0
SRV-02,2025-03-15 04:45:00,24.5,217.6,17.9,1451.0
SRV-02,2025-03-15 04:50:00,23.9,224.9,32.2,1334.0
SRV-02,2025-03-15 04:55:00,24.1,227.8,25.6,1424.0
SRV-02,2025-03-15 05:00:00,24.0,223.7,31.6,1359.0
SRV-02,2025-03-15 05:05:00,23.5,215.9,31.6,1323.0
SRV-02,2025-03-15 05:10:00,23.6,223.6,14.1,1342.0
SRV-02,2025-03-15 05:15:00,23.4,222.8,35.6,1258.0
SRV-02,2025-03-15 05:20:00,24.2,222.9,26.9,1465.0
SRV-02,2025-03-15 05:25:00,23.0,225.4,27.3,1236.0
SRV-02,2025-03-15 05:30:00,23.5,220.7,29.8,1308.0
SRV-02,2025-03-15 05:35:00,23.1,221.7,37.1,1213.0
SRV-02,2025-03-15 05:40:00,23.2,226.3,12.2,1184.0
SRV-02,2025-03-15 05:45:00,23.7,223.8,28.9,1309.0
SRV-02,2025-03-15 05:50:00,23.6,216.0,29.0,1274.0
SRV-02,2025-03-15 05:55:00,23.6,224.4,13.3,1308.0
SRV-02,2025-03-15 06:00:00,24.1,231.0,15.4,1430.0
SRV-02,2025-03-15 06:05:00,23.1,216.7,40.3,1239.0
SRV-02,2025-03-15 06:10:00,23.3,224.6,32.8,1269.0
SRV-02,2025-03-15 06:15:00,24.9,226.7,5,1562.0
SRV-02,2025-03-15 06:20:00,23.4,222.8,28.0,1255.0
SRV-02,2025-03-15 06:25:00,23.2,230.8,32.8,1221.0
SRV-02,2025-03-15 06:30:00,24.1,227.5,38.2,1388.0
SRV-02,2025-03-15 06:35:00,24.2,221.3,37.5,1426.0
SRV-02,2025-03-15 06:40:00,22.6,224.6,14.1,1122.0
SRV-02,2025-03-15 06:45:00,23.8,222.6,16.6,1319.0
SRV-02,2025-03-15 06:50:00,23.4,223.6,38.9,1297.0
SRV-02,2025-03-15 06:55:00,23.6,231.4,17.8,1336.0
SRV-02,2025-03-15 07:00:00,23.7,226.4,34.0,1327.0
SRV-02,2025-03-15 07:05:00,24.2,225.3,48.3,1438.0
SRV-02,2025-03-15 07:10:00,24.5,228.8,19.8,1537.0
SRV-02,2025-03-15 07:15:00,23.3,214.6,36.2,1298.0
SRV-02,2025-03-15 07:20:00,23.9,224.7,42.2,1401.0
SRV-02,2025-03-15 07:25:00,23.6,229.9,19.7,1295.0
SRV-02,2025-03-15 07:30:00,23.4,215.4,20.4,1312.0
SRV-02,2025-03-15 07:35:00,23.4,223.9,20.7,1299.0
SRV-02,2025-03-15 07:40:00,23.9,229.3,29.3,1351.0
SRV-02,2025-03-15 07:45:00,23.5,231.3,29.9,1314.0
SRV-02,2025-03-15 07:50:00,22.4,232.9,26.5,1140.0
SRV-02,2025-03-15 07:55:00,23.7,227.7,35.9,1317.0
SRV-02,2025-03-15 08:00:00,24.4,224.6,41.2,1508.0
SRV-02,2025-03-15 08:05:00,24.3,224.4,29.3,1459.0
SRV-02,2025-03-15 08:10:00,23.0,225.5,38.7,1162.0
SRV-02,2025-03-15 08:15:00,24.7,225.4,34.0,1500.0
SRV-02,2025-03-15 08:20:00,24.3,231.1,40.7,1499.0
SRV-02,2025-03-15 08:25:00,24.7,230.1,22.0,1578.0
SRV-02,2025-03-15 08:30:00,23.4,227.1,37.9,1299.0
SRV-02,2025-03-15 08:35:00,24.9,229.6,18.7,1571.0
SRV-02,2025-03-15 08:40:00,24.2,228.1,43.7,1433.0
SRV-02,2025-03-15 08:45:00,23.4,232.5,23.4,1334.0
SRV-02,2025-03-15 08:50:00,24.3,223.4,41.5,1528.0
SRV-02,2025-03-15 08:55:00,23.2,235.2,36.9,1239.0
SRV-02,2025-03-15 09:00:00,24.4,233.4,27.7,1514.0
SRV-02,2025-03-15 09:05:00,23.5,241.1,45.7,1270.0
SRV-02,2025-03-15 09:10:00,24.2,238.7,29.7,1439.0
SRV-02,2025-03-15 09:15:00,24.0,237.7,29.0,1408.0
SRV-02,2025-03-15 09:20:00,24.5,231.1,27.2,1466.0
SRV-02,2025-03-15 09:25:00,23.5,226.5,20.6,1282.0
SRV-02,2025-03-15 09:30:00,24.4,233.0,27.9,1459.0
SRV-02,2025-03-15 09:35:00,23.8,226.1,24.9,1385.0
SRV-02,2025-03-15 09:40:00,23.6,233.4,30.1,1399.0
SRV-02,2025-03-15 09:45:00,23.5,234.6,32.6,1268.0
SRV-02,2025-03-15 09:50:00,24.5,234.7,26.9,1519.0
SRV-02,2025-03-15 09:55:00,24.6,240.8,30.8,1561.0
SRV-02,2025-03-15 10:00:00,24.3,224.7,40.1,1460.0
SRV-02,2025-03-15 10:05:00,24.0,239.5,32.4,1428.0
SRV-02,2025-03-15 10:10:00,24.4,238.9,41.8,1495.0
SRV-02,2025-03-15 10:15:00,24.0,240.1,36.8,1450.0
SRV-02,2025-03-15 10:20:00,24.7,239.5,30.7,1533.0
SRV-02,2025-03-15 10:25:00,24.6,230.2,27.7,1507.0
SRV-02,2025-03-15 10:30:00,24.5,237.4,46.2,1485.0
SRV-02,2025-03-15 10:35:00,24.9,235.9,35.9,1584.0
SRV-02,2025-03-15 10:40:00,23.5,237.3,32.6,1277.0
SRV-02,2025-03-15 10:45:00,23.6,235.0,22.9,1353.0
SRV-02,2025-03-15 10:50:00,24.5,229.1,32.8,1518.0
SRV-02,2025-03-15 10:55:00,24.3,236.4,35.4,1460.0
SRV-02,2025-03-15 11:00:00,23.8,237.9,34.1,1445.0
SRV-02,2025-03-15 11:05:00,24.5,236.1,46.7,1504.0
SRV-02,2025-03-15 11:10:00,24.8,234.3,51.4,1540.0
SRV-02,2025-03-15 11:15:00,24.9,244.6,36.8,1574.0
SRV-02,2025-03-15 11:20:00,25.0,242.6,30.7,1604.0
SRV-02,2025-03-15 11:25:00,24.2,235.8,34.4,1485.0
SRV-02,2025-03-15 11:30:00,25.5,252.8,39.4,1681.0
SRV-02,2025-03-15 11:35:00,24.3,248.0,27.7,1443.0
SRV-02,2025-03-15 11:40:00,24.5,249.0,32.1,1530.0
SRV-02,2025-03-15 11:45:00,25.4,239.7,44.1,1641.0
SRV-02,2025-03-15 11:50:00,24.8,239.7,19.9,1563.0
SRV-02,2025-03-15 11:55:00,25.0,232.5,29.4,1575.0
SRV-02,2025-03-15 12:00:00,24.6,239.6,33.2,1482.0
SRV-02,2025-03-15 12:05:00,25.0,239.0,40.2,1591.0
SRV-02,2025-03-15 12:10:00,25.1,240.8,48.1,1619.0
SRV-02,2025-03-15 12:15:00,25.3,248.0,29.7,1689.0
SRV-02,2025-03-15 12:20:00,25.8,237.1,41.2,1743.0
SRV-02,2025-03-15 12:25:00,25.1,244.8,36.3,1661.0
SRV-02,2025-03-15 12:30:00,24.5,241.7,50.0,1553.0
SRV-02,2025-03-15 12:35:00,24.7,246.5,43.7,1483.0
SRV-02,2025-03-15 12:40:00,24.4,236.7,38.0,1476.0
SRV-02,2025-03-15 12:45:00,24.9,249.2,45.5,1668.0
SRV-02,2025-03-15 12:50:00,24.8,246.9,45.6,1608.0
SRV-02,2025-03-15 12:55:00,24.8,247.4,55.4,1530.0
SRV-02,2025-03-15 13:00:00,24.9,245.8,39.0,1557.0
SRV-02,2025-03-15 13:05:00,25.9,242.2,56.4,1760.0
SRV-02,2025-03-15 13:10:00,24.9,247.5,41.0,1546.0
SRV-02,2025-03-15 13:15:00,24.6,244.9,37.4,1525.0
SRV-02,2025-03-15 13:20:00,23.9,240.9,41.3,1355.0
SRV-02,2025-03-15 13:25:00,24.5,239.3,43.4,1542.0
SRV-02,2025-03-15 13:30:00,24.3,242.4,50.7,1468.0
SRV-02,2025-03-15 13:35:00,24.9,241.6,43.0,1586.0
SRV-02,2025-03-15 13:40:00,23.9,240.3,27.3,1419.0
SRV-02,2025-03-15 13:45:00,25.4,240.0,49.4,1755.0
SRV-02,2025-03-15 13:50:00,24.7,250.5,45.9,1530.0
SRV-02,2025-03-15 13:55:00,24.4,241.2,39.8,1420.0
SRV-02,2025-03-15 14:00:00,25.3,242.4,46.7,1640.0
SRV-02,2025-03-15 14:05:00,26.5,235.7,35.5,1921.0
SRV-02,2025-03-15 14:10:00,26.2,239.0,57.6,1808.0
SRV-02,2025-03-15 14:15:00,25.6,244.3,60.8,1782.0
SRV-02,2025-03-15 14:20:00,24.7,258.6,33.9,1525.0
SRV-02,2025-03-15 14:25:00,25.9,240.2,37.8,1783.0
SRV-02,2025-03-15 14:30:00,25.2,245.7,36.9,1649.0
SRV-02,2025-03-15 14:35:00,25.3,251.3,45.4,1623.0
SRV-02,2025-03-15 14:40:00,25.0,240.6,53.3,1548.0
SRV-02,2025-03-15 14:45:00,25.3,238.3,52.9,1674.0
SRV-02,2025-03-15 14:50:00,25.1,246.0,39.9,1636.0
SRV-02,2025-03-15 14:55:00,24.9,247.0,43.0,1513.0
SRV-02,2025-03-15 15:00:00,24.7,250.8,54.1,1543.0
SRV-02,2025-03-15 15:05:00,24.9,241.5,47.4,1594.0
SRV-02,2025-03-15 15:10:00,24.4,246.3,52.1,1461.0
SRV-02,2025-03-15 15:15:00,24.8,245.2,47.9,1554.0
SRV-02,2025-03-15 15:20:00,24.7,240.4,45.1,1544.0
SRV-02,2025-03-15 15:25:00,24.9,235.7,33.2,1599.0
SRV-02,2025-03-15 15:30:00,24.3,243.5,38.9,1439.0
SRV-02,2025-03-15 15:35:00,24.9,250.6,44.0,1571.0
SRV-02,2025-03-15 15:40:00,24.1,244.6,50.6,1446.0
SRV-02,2025-03-15 15:45:00,25.4,244.2,30.9,1688.0
SRV-02,2025-03-15 15:50:00,25.1,245.2,37.3,1621.0
SRV-02,2025-03-15 15:55:00,25.0,247.8,49.1,1623.0
SRV-02,2025-03-15 16:00:00,25.0,236.1,32.1,1602.0
SRV-02,2025-03-15 16:05:00,25.3,242.9,45.2,1621.0
SRV-02,2025-03-15 16:10:00,24.1,246.3,40.3,1373.0
SRV-02,2025-03-15 16:15:00,25.2,241.8,64.0,1682.0
SRV-02,2025-03-15 16:20:00,24.9,239.5,42.0,1585.0
SRV-02,2025-03-15 16:25:00,24.0,244.6,42.2,1323.0
SRV-02,2025-03-15 16:30:00,24.4,235.6,47.7,1482.0
SRV-02,2025-03-15 16:35:00,25.5,231.5,31.0,1724.0
SRV-02,2025-03-15 16:40:00,24.4,233.9,35.2,1452.0
SRV-02,2025-03-15 16:45:00,25.0,244.5,26.5,1582.0
SRV-02,2025-03-15 16:50:00,24.7,239.1,45.7,1538.0
SRV-02,2025-03-15 16:55:00,24.4,232.8,24.2,1461.0
SRV-02,2025-03-15 17:00:00,24.6,242.7,35.6,1598.0
SRV-02,2025-03-15 17:05:00,24.6,235.4,41.4,1486.0
SRV-02,2025-03-15 17:10:00,24.7,227.2,43.6,1542.0
SRV-02,2025-03-15 17:15:00,24.7,238.0,27.7,1510.0
SRV-02,2025-03-15 17:20:00,25.3,239.4,32.9,1681.0
SRV-02,2025-03-15 17:25:00,24.7,246.4,46.4,1561.0
SRV-02,2025-03-15 17:30:00,24.3,245.3,36.5,1434.0
SRV-02,2025-03-15 17:35:00,23.9,231.8,34.1,1402.0
SRV-02,2025-03-15 17:40:00,24.9,443.8,82.0,1613.0
SRV-02,2025-03-15 17:45:00,25.6,399.5,92.6,1674.0
SRV-02,2025-03-15 17:50:00,24.1,406.3,51.9,1418.0
SRV-02,2025-03-15 17:55:00,25.1,449.8,75.4,1599.0
SRV-02,2025-03-15 18:00:00,24.2,469.9,67.6,1468.0
SRV-02,2025-03-15 18:05:00,23.4,484.7,62.9,1331.0
SRV-02,2025-03-15 18:10:00,24.8,223.5,16.1,1521.0
SRV-02,2025-03-15 18:15:00,24.1,232.7,35.5,1441.0
SRV-02,2025-03-15 18:20:00,23.7,224.3,37.0,1319.0
SRV-02,2025-03-15 18:25:00,24.3,229.8,33.4,1497.0
SRV-02,2025-03-15 18:30:00,23.5,226.6,39.7,1344.0
SRV-02,2025-03-15 18:35:00,24.2,226.1,18.3,1443.0
SRV-02,2025-03-15 18:40:00,23.6,243.0,52.8,1334.0
SRV-02,2025-03-15 18:45:00,24.5,231.3,43.0,1497.0
SRV-02,2025-03-15 18:50:00,24.3,238.4,38.7,1515.0
SRV-02,2025-03-15 18:55:00,23.4,228.5,26.2,1303.0
SRV-02,2025-03-15 19:00:00,23.9,234.0,23.9,1385.0
SRV-02,2025-03-15 19:05:00,25.3,238.9,18.0,1674.0
SRV-02,2025-03-15 19:10:00,24.6,228.0,24.0,1533.0
SRV-02,2025-03-15 19:15:00,24.2,232.9,31.3,1507.0
SRV-02,2025-03-15 19:20:00,23.7,227.4,36.5,1354.0
SRV-02,2025-03-15 19:25:00,23.4,236.1,20.5,1282.0
SRV-02,2025-03-15 19:30:00,23.9,225.8,41.1,1315.0
SRV-02,2025-03-15 19:35:00,23.7,224.5,38.8,1387.0
SRV-02,2025-03-15 19:40:00,24.4,235.8,13.8,1492.0
SRV-02,2025-03-15 19:45:00,23.3,226.7,33.4,1271.0
SRV-02,2025-03-15 19:50:00,24.7,218.4,24.5,1497.0
SRV-02,2025-03-15 19:55:00,23.2,233.1,32.5,1283.0
SRV-02,2025-03-15 20:00:00,24.6,228.1,23.1,1546.0
SRV-02,2025-03-15 20:05:00,23.6,221.6,21.5,1329.0
SRV-02,2025-03-15 20:10:00,24.6,227.6,40.3,1521.0
SRV-02,2025-03-15 20:15:00,23.7,240.7,44.9,1352.0
SRV-02,2025-03-15 20:20:00,23.5,218.8,33.4,1295.0
SRV-02,2025-03-15 20:25:00,24.1,228.2,33.5,1464.0
SRV-02,2025-03-15 20:30:00,24.1,222.8,23.6,1429.0
SRV-02,2025-03-15 20:35:00,23.4,229.8,35.4,1269.0
SRV-02,2025-03-15 20:40:00,23.5,217.1,20.5,1248.0
SRV-02,2025-03-15 20:45:00,23.9,223.6,22.0,1401.0
SRV-02,2025-03-15 20:50:00,23.9,225.8,33.6,1414.0
SRV-02,2025-03-15 20:55:00,23.0,228.9,14.6,1183.0
SRV-02,2025-03-15 21:00:00,24.3,228.6,34.2,1472.0
SRV-02,2025-03-15 21:05:00,24.5,217.3,26.3,1505.0
SRV-02,2025-03-15 21:10:00,24.8,230.0,36.9,1541.0
SRV-02,2025-03-15 21:15:00,24.9,227.0,20.4,1653.0
SRV-02,2025-03-15 21:20:00,23.1,220.1,26.5,1184.0
SRV-02,2025-03-15 21:25:00,24.0,225.7,29.1,1463.0
SRV-02,2025-03-15 21:30:00,22.9,231.0,21.5,1232.0
SRV-02,2025-03-15 21:35:00,24.7,235.5,26.5,1505.0
SRV-02,2025-03-15 21:40:00,23.9,223.6,13.8,1403.0
SRV-02,2025-03-15 21:45:00,23.3,230.9,35.5,1245.0
SRV-02,2025-03-15 21:50:00,23.7,222.3,24.0,1441.0
SRV-02,2025-03-15 21:55:00,23.2,223.7,35.5,1237.0
SRV-02,2025-03-15 22:00:00,23.4,216.6,37.0,1299.0
SRV-02,2025-03-15 22:05:00,23.9,215.6,31.4,1394.0
SRV-02,2025-03-15 22:10:00,23.5,216.1,26.8,1277.0
SRV-02,2025-03-15 22:15:00,23.7,223.2,24.4,1370.0
SRV-02,2025-03-15 22:20:00,23.6,225.4,30.4,1358.0
SRV-02,2025-03-15 22:25:00,23.2,220.9,34.3,1241.0
SRV-02,2025-03-15 22:30:00,24.2,226.2,23.3,1470.0
SRV-02,2025-03-15 22:35:00,23.5,227.2,41.6,1337.0
SRV-02,2025-03-15 22:40:00,24.8,214.5,22.3,1550.0
SRV-02,2025-03-15 22:45:00,23.4,224.1,23.7,1321.0
SRV-02,2025-03-15 22:50:00,24.1,224.2,18.5,1441.0
SRV-02,2025-03-15 22:55:00,24.0,223.8,26.7,1434.0
SRV-02,2025-03-15 23:00:00,23.3,220.1,31.8,1285.0
SRV-02,2025-03-15 23:05:00,24.0,220.4,15.8,1371.0
SRV-02,2025-03-15 23:10:00,23.4,225.7,32.6,1224.0
SRV-02,2025-03-15 23:15:00,23.9,221.2,17.9,1440.0
SRV-02,2025-03-15 23:20:00,23.7,225.7,46.7,1329.0
SRV-02,2025-03-15 23:25:00,23.4,228.9,15.7,1281.0
SRV-02,2025-03-15 23:30:00,23.6,226.3,29.3,1295.0
SRV-02,2025-03-15 23:35:00,24.1,225.6,17.6,1394.0
SRV-02,2025-03-15 23:40:00,23.3,215.5,34.5,1254.0
SRV-02,2025-03-15 23:45:00,23.4,216.0,22.8,1332.0
SRV-02,2025-03-15 23:50:00,23.9,213.1,18.0,1409.0
SRV-02,2025-03-15 23:55:00,23.3,218.3,18.9,1224.0
SRV-03,2025-03-15 00:00:00,21.1,158.2,34.2,808.0
SRV-03,2025-03-15 00:05:00,20.5,163.5,35.8,800
SRV-03,2025-03-15 00:10:00,20.2,157.7,14.2,800
SRV-03,2025-03-15 00:15:00,20.3,158.4,36.8,800
SRV-03,2025-03-15 00:20:00,20.7,156.2,23.6,800
SRV-03,2025-03-15 00:25:00,21.8,159.3,14.3,980.0
SRV-03,2025-03-15 00:30:00,21.5,158.9,31.2,906.0
SRV-03,2025-03-15 00:35:00,20.4,159.7,15.9,800
SRV-03,2025-03-15 00:40:00,20.5,161.8,26.6,800
SRV-03,2025-03-15 00:45:00,20.5,160.1,28.8,800
SRV-03,2025-03-15 00:50:00,19.9,166.5,39.3,800
SRV-03,2025-03-15 00:55:00,21.3,163.5,19.9,861.0
SRV-03,2025-03-15 01:00:00,20.4,160.7,13.7,800
SRV-03,2025-03-15 01:05:00,20.8,164.0,26.6,800
SRV-03,2025-03-15 01:10:00,21.4,154.3,23.0,870.0
SRV-03,2025-03-15 01:15:00,21.4,159.8,27.3,892.0
SRV-03,2025-03-15 01:20:00,19.8,155.5,26.0,800
SRV-03,2025-03-15 01:25:00,21.3,166.7,23.4,862.0
SRV-03,2025-03-15 01:30:00,20.8,158.0,18.5,800
SRV-03,2025-03-15 01:35:00,20.9,156.9,25.4,800
SRV-03,2025-03-15 01:40:00,21.2,161.1,28.7,831.0
SRV-03,2025-03-15 01:45:00,20.8,165.1,23.9,812.0
SRV-03,2025-03-15 01:50:00,20.3,159.0,16.2,800
SRV-03,2025-03-15 01:55:00,20.6,157.8,31.5,800
SRV-03,2025-03-15 02:00:00,,153.1,22.0,904.0
SRV-03,2025-03-15 02:05:00,,161.6,30.3,867.0
SRV-03,2025-03-15 02:10:00,,167.3,16.9,864.0
SRV-03,2025-03-15 02:15:00,21.3,164.1,29.7,907.0
SRV-03,2025-03-15 02:20:00,20.8,153.6,35.4,800
SRV-03,2025-03-15 02:25:00,20.7,160.5,21.8,800
SRV-03,2025-03-15 02:30:00,21.5,161.9,29.6,895.0
SRV-03,2025-03-15 02:35:00,21.5,148.6,16.0,907.0
SRV-03,2025-03-15 02:40:00,20.8,155.7,30.3,800
SRV-03,2025-03-15 02:45:00,21.1,161.1,25.8,803.0
SRV-03,2025-03-15 02:50:00,20.9,166.6,29.7,816.0
SRV-03,2025-03-15 02:55:00,21.0,152.0,21.7,800
SRV-03,2025-03-15 03:00:00,21.7,166.2,28.8,911.0
SRV-03,2025-03-15 03:05:00,21.1,159.3,23.5,800
SRV-03,2025-03-15 03:10:00,21.3,160.5,31.9,810.0
SRV-03,2025-03-15 03:15:00,20.5,178.9,18.4,800
SRV-03,2025-03-15 03:20:00,21.3,155.8,39.3,850.0
SRV-03,2025-03-15 03:25:00,21.1,169.8,19.2,809.0
SRV-03,2025-03-15 03:30:00,20.9,153.9,27.8,800
SRV-03,2025-03-15 03:35:00,21.1,164.1,32.5,839.0
SRV-03,2025-03-15 03:40:00,,167.0,20.1,828.0
SRV-03,2025-03-15 03:45:00,,164.7,40.3,800
SRV-03,2025-03-15 03:50:00,21.0,158.9,39.4,800
SRV-03,2025-03-15 03:55:00,22.4,153.4,28.5,1074.0
SRV-03,2025-03-15 04:00:00,21.3,158.2,22.2,809.0
SRV-03,2025-03-15 04:05:00,21.1,153.6,15.4,827.0
SRV-03,2025-03-15 04:10:00,21.0,166.3,15.1,815.0
SRV-03,2025-03-15 04:15:00,21.2,159.7,19.5,845.0
SRV-03,2025-03-15 04:20:00,21.5,159.4,32.7,896.0
SRV-03,2025-03-15 04:25:00,21.9,161.5,24.6,941.0
SRV-03,2025-03-15 04:30:00,20.4,163.3,24.3,800
SRV-03,2025-03-15 04:35:00,20.8,160.8,21.1,800
SRV-03,2025-03-15 04:40:00,21.0,170.9,20.7,831.0
SRV-03,2025-03-15 04:45:00,20.6,159.3,19.5,800
SRV-03,2025-03-15 04:50:00,21.3,162.4,28.2,833.0
SRV-03,2025-03-15 04:55:00,21.8,168.8,26.1,963.0
SRV-03,2025-03-15 05:00:00,21.4,161.0,24.8,874.0
SRV-03,2025-03-15 05:05:00,21.0,159.6,32.3,800
SRV-03,2025-03-15 05:10:00,20.9,159.0,14.6,830.0
SRV-03,2025-03-15 05:15:00,21.4,166.5,22.4,922.0
SRV-03,2025-03-15 05:20:00,21.2,169.6,26.6,842.0
SRV-03,2025-03-15 05:25:00,20.9,162.8,28.6,822.0
SRV-03,2025-03-15 05:30:00,21.9,163.0,36.6,904.0
SRV-03,2025-03-15 05:35:00,20.9,163.9,34.1,800
SRV-03,2025-03-15 05:40:00,21.1,160.4,20.7,886.0
SRV-03,2025-03-15 05:45:00,21.7,169.4,27.2,932.0
SRV-03,2025-03-15 05:50:00,21.5,162.9,26.2,892.0
SRV-03,2025-03-15 05:55:00,20.9,158.8,25.4,800
SRV-03,2025-03-15 06:00:00,21.5,167.4,21.3,846.0
SRV-03,2025-03-15 06:05:00,21.4,164.6,27.7,842.0
SRV-03,2025-03-15 06:10:00,20.3,172.1,25.9,800
SRV-03,2025-03-15 06:15:00,21.2,165.7,17.5,825.0
SRV-03,2025-03-15 06:20:00,20.6,158.4,22.2,800
SRV-03,2025-03-15 06:25:00,21.0,160.4,18.5,800
SRV-03,2025-03-15 06:30:00,21.3,160.0,44.2,872.0
SRV-03,2025-03-15 06:35:00,21.8,162.7,35.4,989.0
SRV-03,2025-03-15 06:40:00,20.8,161.1,51.7,800
SRV-03,2025-03-15 06:45:00,21.5,163.6,35.1,877.0
SRV-03,2025-03-15 06:50:00,20.8,170.5,30.2,800
SRV-03,2025-03-15 06:55:00,21.3,164.1,34.4,875.0
SRV-03,2025-03-15 07:00:00,21.5,165.6,31.2,865.0
SRV-03,2025-03-15 07:05:00,20.9,161.1,18.3,809.0
SRV-03,2025-03-15 07:10:00,21.9,168.6,24.4,961.0
SRV-03,2025-03-15 07:15:00,21.1,171.3,33.5,880.0
SRV-03,2025-03-15 07:20:00,20.9,164.9,19.4,800
SRV-03,2025-03-15 07:25:00,21.3,164.5,25.5,816.0
SRV-03,2025-03-15 07:30:00,21.5,165.0,37.1,916.0
SRV-03,2025-03-15 07:35:00,20.8,168.6,25.2,800
SRV-03,2025-03-15 07:40:00,21.4,164.3,26.9,838.0
SRV-03,2025-03-15 07:45:00,22.1,177.7,16.5,1008.0
SRV-03,2025-03-15 07:50:00,21.4,164.3,40.2,918.0
SRV-03,2025-03-15 07:55:00,21.3,177.9,30.9,863.0
SRV-03,2025-03-15 08:00:00,21.6,164.1,42.5,944.0
SRV-03,2025-03-15 08:05:00,21.3,167.1,23.8,873.0
SRV-03,2025-03-15 08:10:00,20.9,168.3,27.1,800
SRV-03,2025-03-15 08:15:00,22.1,172.5,30.4,990.0
SRV-03,2025-03-15 08:20:00,21.4,168.7,35.5,863.0
SRV-03,2025-03-15 08:25:00,21.1,169.9,42.7,873.0
SRV-03,2025-03-15 08:30:00,22.0,164.4,43.3,971.0
SRV-03,2025-03-15 08:35:00,21.2,171.7,21.2,867.0
SRV-03,2025-03-15 08:40:00,21.6,171.9,25.8,943.0
SRV-03,2025-03-15 08:45:00,21.9,168.3,40.2,898.0
SRV-03,2025-03-15 08:50:00,21.8,169.9,26.5,972.0
SRV-03,2025-03-15 08:55:00,21.9,167.0,32.1,983.0
SRV-03,2025-03-15 09:00:00,21.9,177.1,29.5,1016.0
SRV-03,2025-03-15 09:05:00,21.1,172.8,19.7,813.0
SRV-03,2025-03-15 09:10:00,22.1,181.7,34.1,994.0
SRV-03,2025-03-15 09:15:00,22.3,172.1,34.7,1078.0
SRV-03,2025-03-15 09:20:00,22.3,163.5,34.5,1061.0
SRV-03,2025-03-15 09:25:00,21.2,164.3,33.8,835.0
SRV-03,2025-03-15 09:30:00,21.4,172.1,31.8,887.0
SRV-03,2025-03-15 09:35:00,22.6,172.9,49.8,1158.0
SRV-03,2025-03-15 09:40:00,22.3,169.7,32.7,1036.0
SRV-03,2025-03-15 09:45:00,22.1,173.3,38.8,1021.0
SRV-03,2025-03-15 09:50:00,22.0,172.2,27.7,978.0
SRV-03,2025-03-15 09:55:00,22.2,173.4,35.2,1076.0
SRV-03,2025-03-15 10:00:00,22.2,167.2,35.3,1005.0
SRV-03,2025-03-15 10:05:00,21.9,176.8,40.2,1030.0
SRV-03,2025-03-15 10:10:00,21.7,173.7,41.0,968.0
SRV-03,2025-03-15 10:15:00,21.5,178.9,41.9,886.0
SRV-03,2025-03-15 10:20:00,-0.5,179.4,40.2,981.0
SRV-03,2025-03-15 10:25:00,-3.9,167.5,36.3,920.0
SRV-03,2025-03-15 10:30:00,0.9,172.5,42.4,1063.0
SRV-03,2025-03-15 10:35:00,1.0,181.4,34.8,913.0
SRV-03,2025-03-15 10:40:00,22.2,176.9,30.5,1056.0
SRV-03,2025-03-15 10:45:00,22.1,173.5,23.9,1028.0
SRV-03,2025-03-15 10:50:00,22.1,178.1,49.2,954.0
SRV-03,2025-03-15 10:55:00,22.7,184.7,30.5,1180.0
SRV-03,2025-03-15 11:00:00,21.7,172.9,37.8,1000.0
SRV-03,2025-03-15 11:05:00,22.3,178.6,45.9,1047.0
SRV-03,2025-03-15 11:10:00,22.9,186.5,42.4,1160.0
SRV-03,2025-03-15 11:15:00,22.7,180.4,44.4,1178.0
SRV-03,2025-03-15 11:20:00,22.4,174.7,51.3,1092.0
SRV-03,2025-03-15 11:25:00,22.4,182.6,42.1,1098.0
SRV-03,2025-03-15 11:30:00,22.3,178.9,35.4,1051.0
SRV-03,2025-03-15 11:35:00,22.1,184.9,37.3,1018.0
SRV-03,2025-03-15 11:40:00,22.2,182.9,45.4,1102.0
SRV-03,2025-03-15 11:45:00,21.6,179.3,45.0,866.0
SRV-03,2025-03-15 11:50:00,23.2,180.1,34.2,1262.0
SRV-03,2025-03-15 11:55:00,21.2,182.0,32.8,842.0
SRV-03,2025-03-15 12:00:00,22.5,185.1,44.2,1165.0
SRV-03,2025-03-15 12:05:00,22.4,179.7,50.9,1072.0
SRV-03,2025-03-15 12:10:00,22.6,161.9,44.8,1110.0
SRV-03,2025-03-15 12:15:00,22.1,178.5,48.6,968.0
SRV-03,2025-03-15 12:20:00,23.9,187.8,44.5,1447.0
SRV-03,2025-03-15 12:25:00,22.5,177.7,49.9,1056.0
SRV-03,2025-03-15 12:30:00,22.7,188.4,46.1,1096.0
SRV-03,2025-03-15 12:35:00,22.5,181.9,36.0,1033.0
SRV-03,2025-03-15 12:40:00,21.8,180.2,51.0,1048.0
SRV-03,2025-03-15 12:45:00,22.9,178.9,38.8,1204.0
SRV-03,2025-03-15 12:50:00,22.7,185.0,44.2,1185.0
SRV-03,2025-03-15 12:55:00,23.6,183.2,43.6,1328.0
SRV-03,2025-03-15 13:00:00,22.2,172.3,46.4,1023.0
SRV-03,2025-03-15 13:05:00,23.1,184.3,54.5,1198.0
SRV-03,2025-03-15 13:10:00,23.0,175.3,50.1,1200.0
SRV-03,2025-03-15 13:15:00,22.9,181.8,48.1,1204.0
SRV-03,2025-03-15 13:20:00,22.7,185.9,56.2,1117.0
SRV-03,2025-03-15 13:25:00,23.2,182.0,52.5,1307.0
SRV-03,2025-03-15 13:30:00,22.1,173.0,44.2,997.0
SRV-03,2025-03-15 13:35:00,22.2,182.2,38.6,1089.0
SRV-03,2025-03-15 13:40:00,23.1,189.7,61.4,1188.0
SRV-03,2025-03-15 13:45:00,21.2,194.1,45.0,848.0
SRV-03,2025-03-15 13:50:00,21.6,177.2,48.5,915.0
SRV-03,2025-03-15 13:55:00,21.4,179.3,51.4,923.0
SRV-03,2025-03-15 14:00:00,22.6,198.2,51.2,1176.0
SRV-03,2025-03-15 14:05:00,23.2,188.2,32.3,1185.0
SRV-03,2025-03-15 14:10:00,22.1,185.3,43.0,1037.0
SRV-03,2025-03-15 14:15:00,22.5,186.3,50.9,1098.0
SRV-03,2025-03-15 14:20:00,22.4,170.8,49.9,1047.0
SRV-03,2025-03-15 14:25:00,22.0,188.2,50.3,1028.0
SRV-03,2025-03-15 14:30:00,23.0,178.3,41.0,1176.0
SRV-03,2025-03-15 14:35:00,23.3,188.1,40.9,1295.0
SRV-03,2025-03-15 14:40:00,22.7,183.1,46.5,1159.0
SRV-03,2025-03-15 14:45:00,22.4,177.3,45.5,1073.0
SRV-03,2025-03-15 14:50:00,21.9,179.6,40.6,980.0
SRV-03,2025-03-15 14:55:00,22.7,182.3,46.1,1137.0
SRV-03,2025-03-15 15:00:00,22.7,185.3,47.0,1188.0
SRV-03,2025-03-15 15:05:00,22.3,175.2,41.7,1085.0
SRV-03,2025-03-15 15:10:00,22.5,184.6,28.5,1065.0
SRV-03,2025-03-15 15:15:00,22.7,186.7,36.1,1151.0
SRV-03,2025-03-15 15:20:00,22.1,176.9,42.6,1019.0
SRV-03,2025-03-15 15:25:00,22.6,186.2,55.3,1150.0
SRV-03,2025-03-15 15:30:00,22.2,187.1,30.0,1047.0
SRV-03,2025-03-15 15:35:00,22.9,185.6,48.3,1240.0
SRV-03,2025-03-15 15:40:00,22.0,186.0,40.8,1034.0
SRV-03,2025-03-15 15:45:00,22.4,185.7,53.7,1103.0
SRV-03,2025-03-15 15:50:00,22.2,179.8,35.7,1080.0
SRV-03,2025-03-15 15:55:00,23.0,180.2,26.6,1180.0
SRV-03,2025-03-15 16:00:00,22.5,176.4,25.2,1095.0
SRV-03,2025-03-15 16:05:00,21.3,182.6,37.5,860.0
SRV-03,2025-03-15 16:10:00,22.9,176.2,23.4,1188.0
SRV-03,2025-03-15 16:15:00,22.5,173.3,37.4,1093.0
SRV-03,2025-03-15 16:20:00,22.3,177.2,61.5,1048.0
SRV-03,2025-03-15 16:25:00,22.3,177.6,18.9,1110.0
SRV-03,2025-03-15 16:30:00,20.7,186.5,29.2,800
SRV-03,2025-03-15 16:35:00,22.2,190.5,42.2,1027.0
SRV-03,2025-03-15 16:40:00,21.8,182.5,36.5,985.0
SRV-03,2025-03-15 16:45:00,21.2,181.6,41.8,800
SRV-03,2025-03-15 16:50:00,21.7,177.9,35.1,939.0
SRV-03,2025-03-15 16:55:00,21.4,174.0,55.7,861.0
SRV-03,2025-03-15 17:00:00,21.9,177.2,36.4,1020.0
SRV-03,2025-03-15 17:05:00,21.8,182.1,31.5,989.0
SRV-03,2025-03-15 17:10:00,22.0,176.7,37.4,1014.0
SRV-03,2025-03-15 17:15:00,21.5,172.4,54.2,912.0
SRV-03,2025-03-15 17:20:00,21.9,180.2,37.2,908.0
SRV-03,2025-03-15 17:25:00,22.1,176.1,40.3,1001.0
SRV-03,2025-03-15 17:30:00,21.9,182.1,36.1,970.0
SRV-03,2025-03-15 17:35:00,22.2,174.1,45.6,1032.0
SRV-03,2025-03-15 17:40:00,22.2,172.2,26.8,1055.0
SRV-03,2025-03-15 17:45:00,22.1,178.7,42.5,975.0
SRV-03,2025-03-15 17:50:00,22.0,165.1,40.5,969.0
SRV-03,2025-03-15 17:55:00,22.2,178.5,31.8,1032.0
SRV-03,2025-03-15 18:00:00,22.5,166.3,41.1,1108.0
SRV-03,2025-03-15 18:05:00,22.4,166.0,35.7,1106.0
SRV-03,2025-03-15 18:10:00,22.6,170.1,33.2,1166.0
SRV-03,2025-03-15 18:15:00,21.1,173.4,36.7,834.0
SRV-03,2025-03-15 18:20:00,21.4,178.2,42.1,928.0
SRV-03,2025-03-15 18:25:00,21.4,170.6,43.6,938.0
SRV-03,2025-03-15 18:30:00,21.8,165.1,32.8,987.0
SRV-03,2025-03-15 18:35:00,22.1,178.0,49.7,1010.0
SRV-03,2025-03-15 18:40:00,21.3,166.1,33.1,892.0
SRV-03,2025-03-15 18:45:00,22.6,173.0,34.0,1117.0
SRV-03,2025-03-15 18:50:00,22.3,167.8,32.8,1065.0
SRV-03,2025-03-15 18:55:00,21.7,180.3,26.3,1012.0
SRV-03,2025-03-15 19:00:00,21.4,166.9,28.0,891.0
SRV-03,2025-03-15 19:05:00,21.7,176.3,26.4,882.0
SRV-03,2025-03-15 19:10:00,21.5,171.8,21.1,890.0
SRV-03,2025-03-15 19:15:00,21.9,166.1,26.0,947.0
SRV-03,2025-03-15 19:20:00,21.5,172.1,54.4,944.0
SRV-03,2025-03-15 19:25:00,21.0,161.9,31.3,841.0
SRV-03,2025-03-15 19:30:00,21.9,166.7,40.0,1024.0
SRV-03,2025-03-15 19:35:00,22.3,163.7,35.3,1021.0
SRV-03,2025-03-15 19:40:00,21.1,162.4,29.5,800
SRV-03,2025-03-15 19:45:00,21.9,168.5,24.5,999.0
SRV-03,2025-03-15 19:50:00,22.3,170.0,26.5,1048.0
SRV-03,2025-03-15 19:55:00,21.5,164.5,17.3,879.0
SRV-03,2025-03-15 20:00:00,22.1,163.7,15.4,1019.0
SRV-03,2025-03-15 20:05:00,22.0,158.9,32.2,1017.0
SRV-03,2025-03-15 20:10:00,21.7,170.1,35.4,898.0
SRV-03,2025-03-15 20:15:00,21.8,174.0,28.5,961.0
SRV-03,2025-03-15 20:20:00,20.9,173.4,25.2,834.0
SRV-03,2025-03-15 20:25:00,21.2,170.0,25.7,901.0
SRV-03,2025-03-15 20:30:00,20.4,168.3,13.2,800
SRV-03,2025-03-15 20:35:00,22.3,170.7,13.6,1066.0
SRV-03,2025-03-15 20:40:00,21.1,168.8,44.3,832.0
SRV-03,2025-03-15 20:45:00,21.6,168.3,20.6,937.0
SRV-03,2025-03-15 20:50:00,21.8,162.5,24.0,1005.0
SRV-03,2025-03-15 20:55:00,21.4,159.7,25.6,874.0
SRV-03,2025-03-15 21:00:00,21.3,164.8,26.9,909.0
SRV-03,2025-03-15 21:05:00,21.7,172.4,15.2,949.0
SRV-03,2025-03-15 21:10:00,21.9,168.4,23.2,955.0
SRV-03,2025-03-15 21:15:00,21.8,163.6,33.7,959.0
SRV-03,2025-03-15 21:20:00,21.2,165.1,21.7,895.0
SRV-03,2025-03-15 21:25:00,21.5,171.3,24.0,892.0
SRV-03,2025-03-15 21:30:00,21.1,159.8,33.5,841.0
SRV-03,2025-03-15 21:35:00,21.0,162.4,31.0,800
SRV-03,2025-03-15 21:40:00,21.0,171.6,21.9,800
SRV-03,2025-03-15 21:45:00,22.5,153.0,18.3,1150.0
SRV-03,2025-03-15 21:50:00,21.0,166.0,44.6,800
SRV-03,2025-03-15 21:55:00,20.9,165.4,26.9,800
SRV-03,2025-03-15 22:00:00,21.1,156.6,31.2,852.0
SRV-03,2025-03-15 22:05:00,21.1,162.0,31.7,807.0
SRV-03,2025-03-15 22:10:00,21.0,162.6,39.0,805.0
SRV-03,2025-03-15 22:15:00,21.1,162.0,24.1,800
SRV-03,2025-03-15 22:20:00,20.7,167.0,22.5,800
SRV-03,2025-03-15 22:25:00,20.9,156.0,23.2,827.0
SRV-03,2025-03-15 22:30:00,20.9,159.1,23.5,800
SRV-03,2025-03-15 22:35:00,21.3,160.3,26.0,838.0
SRV-03,2025-03-15 22:40:00,21.3,163.9,28.4,883.0
SRV-03,2025-03-15 22:45:00,21.1,168.3,30.4,862.0
SRV-03,2025-03-15 22:50:00,21.1,163.5,21.1,819.0
SRV-03,2025-03-15 22:55:00,21.5,160.2,38.4,908.0
SRV-03,2025-03-15 23:00:00,21.9,156.7,24.2,967.0
SRV-03,2025-03-15 23:05:00,21.6,165.0,25.8,910.0
SRV-03,2025-03-15 23:10:00,21.1,165.4,33.0,817.0
SRV-03,2025-03-15 23:15:00,20.9,162.2,27.3,800
SRV-03,2025-03-15 23:20:00,20.9,170.3,21.2,820.0
SRV-03,2025-03-15 23:25:00,21.8,166.2,41.1,975.0
SRV-03,2025-03-15 23:30:00,20.9,158.8,20.7,811.0
SRV-03,2025-03-15 23:35:00,20.3,154.2,38.3,800
SRV-03,2025-03-15 23:40:00,21.3,165.9,32.2,852.0
SRV-03,2025-03-15 23:45:00,20.3,167.6,29.5,800
SRV-03,2025-03-15 23:50:00,21.1,158.8,25.0,819.0
SRV-03,2025-03-15 23:55:00,21.3,160.1,16.6,889.0
